Drill_Num,Lithology,Deep_begin,Deep_end,Sample_Num,Lab_Num,Org_Moist%,Dry_Ash%,Org_Ash%,Dry_Vol%,Org_Vol%,Dry_Sulp%,Org_Sulp%,Dry_Hydro%,Org_Hydro%,Dry_GCV,Org_GCV,Dry_OVC,Org_OVC,Density
T-01,LG,16,16.2,4817,L22-2161,16.5833333333333,55.7421492212122,46.4982428086945,26.5312151301533,22.1314552877362,3.50416295297497,2.92305592993995,2.49921297860923,2.08476015965653,2755.23458531134,2298.32484991387,2632.27330676376,2104.54631672544,
T-01,ZC,25.4,25.5,4818,L22-2170,18.4083333333334,77.9478136598375,63.598920295289,15.1653690734901,12.3736773832118,1.07027615066984,0.873256149267364,1.19031833394779,0.9712005673069,1096.12868365239,894.349661803379,1037.56502162216,745.320760558546,1.5
T-01,XC,25.8,26,4819,L22-2209,21.4527777777778,38.1115301393099,29.9355482708129,42.6861842155392,33.5288119739667,3.53403841521958,2.77588900742122,3.4503974414207,2.71019134586258,3222.51743193272,2531.19792841004,3052.75787781482,2279.86623641582,
T-02,LG,7,7.3,4923,L22-2175,29.4666666666667,53.8844387744382,38.0064908155704,37.9382937296801,26.7591431773343,7.76163871615753,5.47454250779644,3.38081532147656,2.38460174008147,2952.17618334024,2082.26826798265,2785.84006952359,1802.87919570397,
T-02,LG,7.75,7.85,4924,L22-2157,27.95,48.1741582165444,34.7094809950202,29.834298866858,21.4956123335712,3.85927858752076,2.78061022230871,2.78520733826918,2.00674188722294,3146.74823386865,2267.23210250236,3009.7160328258,2014.77540165099,
T-02,LG,9.75,10,4925,L22-2177,24.4888888888889,61.6526834275038,46.554626285924,29.5629892383025,22.3233416515004,7.11500323798921,5.37261800059719,2.66715238914695,2.01399640407141,2447.2898442463,1847.97575349976,2316.06594670027,1614.19824153056,
T-02,LG,17.5,18.1,4926,L22-2140,27.9888888888889,36.3699521226159,26.1904066340749,35.3569098413591,25.4609036313165,6.16630979442577,4.44042819751927,3.5680596985187,2.56939943401108,4207.35352106477,3029.7620188912,4031.80498389765,2749.40867784897,1.4898
T-02,LG,23.5,24,4927,L22-2141,27.3305555555556,44.6922788805947,32.4776307720899,30.4729269539504,22.1445067233971,5.06591661482519,3.68137346001227,3.01688861921214,2.19235619908913,3561.05304164989,2587.79746173897,3412.62212158465,2329.61548118823,1.2968
T-02,CS,24,24.2,4928,L22-2179,15.8444444444445,88.316118311878,74.3229200104626,9.70639125836504,8.16846748787298,2.20587167934594,1.85636356659624,0.713256686441848,0.600245127012284,530.961559515724,446.833650196899,495.869330542785,330.15714550345,
T-02,LG,24.2,24.7,4929,L22-2186,26.4416666666667,31.5967983051649,23.2420782199742,40.2630425191621,29.616823026387,7.21707497803975,5.30876006926307,3.986481963836,2.9323896912317,4512.82708975315,3319.56039343759,4316.69217713242,3029.85765396233,1.65
T-02,LG,25.3,25.5,4930,L22-2212,19.4555555555555,56.7857135148635,45.7377374743606,26.71340457151,21.5161633043195,4.01570605685872,3.23442813401876,2.46021125630988,1.98156348855448,2637.26415940803,2124.16976572765,2516.22176559759,1919.67128653521,1.6991
T-03,ZC,10.3,10.4,4931,L22-2173,27.4361111111111,58.4505357110053,42.4139817882942,28.2083510242956,20.4690764946576,4.86049852547646,3.52696674947282,2.21563686536772,1.60775227316669,2063.06693461323,1497.04159813615,1954.05760083714,1267.04157518524,
T-03,LG,13.45,13.85,4932,L22-2195,30.3166666666666,43.7154817797242,30.4624048868378,34.9240172638268,24.3362193633433,9.36105410420213,6.52309453494486,3.25403334320442,2.26751890132295,3493.60747633169,2434.46214309046,3333.50903584603,2156.15854647871,
T-03,ZC,19.9,20,4933,L22-2153,23.4388888888889,53.569941817659,41.0137426771755,27.3847826269162,20.9660938545296,6.47612234450933,4.95819122387128,2.57691182536668,1.97291232585435,2870.83170437431,2197.94065099902,2744.04764256626,1971.95947567809,
T-03,LG,20.5,21.1,4934,L22-2155,29.7416666666666,23.5142962597368,16.5207526471534,41.2339119864192,28.9702593297917,9.15717739753606,6.43368021988555,4.23152419658459,2.97299837511706,5102.60662534307,3585.00637152229,4894.41563487111,3275.15568479986,1.5308
T-03,CS,21.1,21.2,4935,L22-2159,18.7027777777778,53.8114518691563,43.7472156070721,38.2071569694677,31.0613573062614,0,0,1.9811702387381,1.61063637158744,901.886263906484,733.208480159752,804.41268816057,551.099892899872,1.87
T-03,LG,21.2,21.3,4936,L22-2154,32.3722222222222,14.1729126190538,9.58482585065232,42.6031737368385,28.8115796610297,6.83903587868514,4.62508798617968,4.51202471087795,3.05138204475096,5755.2807230462,3892.16845786897,5533.28910727101,3563.993239045,
T-03,LG,27.95,28.15,4726,L22-2184,31.4861111111111,27.0084092261855,18.5045114878851,43.8617006645797,30.0513568581072,7.85359762966681,5.38080515377033,4.48245852150522,3.07110665091462,5055.42645144242,3463.66926180076,4834.88949218436,3139.39720346465,
T-03,CS,28.15,28.45,4727,L22-2151,18.85,79.4118689626292,64.4427316631736,14.7725775757881,11.9879467027521,3.20976888759964,2.60472745228711,1.06649188754528,0.865458166742992,896.28470402676,727.335037317716,843.813303159532,581.07949551396,
T-03,LG,28.45,29.05,4728,L22-2182,28.8944444444444,41.6439846480823,29.6111866394892,39.383343090523,28.0037449008669,8.0865146723081,5.74996118282619,3.78001377588091,2.68779979541666,3888.59387378219,2765.00627725212,3702.61719600885,2473.84708287318,1.89
T-03,LG,32,32.2,4729,L22-2192,28.3138888888889,30.836477632459,22.1054716183575,34.9137457342624,25.0283065601141,6.24631933425711,4.47774341831037,3.61287511969321,2.58992967260896,4545.41590419784,3258.43189554538,4367.66244830893,2975.28096676413,
T-04,LG,7.9,8.2,4917,L22-2172,29.6527777777778,36.7946385101104,25.8840061185707,43.0708103636859,30.299118679454,7.23125759714221,5.08698885132296,4.0964093421982,2.88171018308804,4173.00754637525,2935.5948919987,3971.4642067391,2630.72447321299,
T-04,LG,9.8,10,4922,L22-2208,30.65,39.0081240072344,27.0521339990171,34.2677536392732,23.764687148836,5.78333829535913,4.01074510783156,3.30234191898889,2.29017412081879,3824.23783555472,2652.1089389572,3661.76261314046,2370.85737221291,
T-05,ZC,15.1,15.45,4814,L22-2133,25.1444444444444,55.9425421336854,41.876100706071,31.5373890576798,23.6074877868432,6.16983599389778,4.61846501009882,2.92360845379469,2.18848335035721,2854.03297658018,2136.40224035785,2710.19144065348,1890.43441507583,1.55
T-05,LG,15.7,16.2,4815,L22-2134,31.6555555555556,25.382154342978,17.3472923737397,42.1878812641331,28.8330730728536,7.10236652215324,4.85407294197384,4.29326850793151,2.93421051025408,5018.2614633977,3429.7029179288,4807.03265280747,3111.23420526875,1.3929
T-05,ZC,17.8,18,4816,L22-2197,28.3888888888889,51.1909039453897,36.6583751031152,34.9506457949726,25.0285457942887,5.53476275783621,3.96350510825048,3.02206931733837,2.16413741669398,2846.72947480926,2038.57460723841,2698.04366439621,1775.96015744818,
T-06,LG,24.6,24.9,3816,L22-2189,27.6305555555556,36.2373313605919,26.2247553871528,41.2543272118631,29.8555274125186,9.5116424085162,6.88352276858535,4.05444886716332,2.93418212045017,4319.32106759199,3125.86866038817,4119.84218332755,2829.53884450646,
T-06,LG,25.1,25.3,3817,L22-2193,29.8861111111111,51.1984344411756,35.8972134369365,34.6854888616409,24.3193451210188,4.56611729667169,3.20148240792473,3.00854239784043,2.10940607399695,2853.70586917043,2000.84416232586,2705.68558319669,1732.6877723741,
T-07,LG,4.2,4.5,4919,L22-2158,35.9638888888889,36.498259838147,23.3720662235778,39.2620863114061,25.1419132149124,5.96127178216088,3.81736662205985,3.78965194533689,2.42674573044031,4127.12029748802,2642.84733938865,3940.66942177745,2325.6500605621,
T-07,ZC,4.95,5.15,4920,L22-2152,34.4194444444444,67.923558168866,44.5446468002433,23.2283581912775,15.2332863482742,1.45406900432958,0.953586531200475,1.89837343971958,1.24496384828721,1717.61605524648,1126.42215134206,1624.21608201227,875.862985561883,
T-07,LG,6.9,7,4921,L22-2213,30.2055555555556,24.9743495991506,17.4307085563405,44.0282012191653,30.7292384397985,6.99347775091952,4.88105894360011,4.3437062277282,3.03166562994164,4921.61972086999,3435.01714184942,4707.90937446576,3119.72863730074,1.42
T-08,ZC,3.5,4.1,4731,L22-2201,26.5527777777778,54.1089706307308,39.7415359013098,41.2028425959926,30.2623433633511,3.0987656811448,2.27595731597638,3.38241023717171,2.4842863633627,2614.42975538765,1920.22603228347,2448.0151717188,1651.95886542824,
T-08,CS,4.1,4.45,4732,L22-2202,25.5666666666667,56.4061788630228,41.9849991337099,42.0973710005067,31.3344764813772,0.432286958683491,0.321765592913412,1.95996839670698,1.45886980994889,369.959742271323,275.373368163955,273.52929715334,62.9803068478024,1.88
T-08,LG,4.45,5.2,4733,L22-2171,29.1916666666667,42.7629214300078,30.2797119492313,38.260198316899,27.0914087582243,7.55065716248719,5.34649449247114,3.6666804326788,2.59631530303931,3792.18277608508,2685.18142069957,3611.78209879728,2396.88854112337,1.35
T-08,ZC,5.85,6.75,4734,L22-2219,26.5055555555556,46.0605422239349,33.8519396155797,34.0542437028536,25.0279772191694,5.9504203346535,4.37322836706284,3.25022527963561,2.38873501246108,3479.48207650265,2557.22602166964,3319.57099274458,2293.919703501,1.85
T-08,CS,6.75,6.95,4735,L22-2176,25.6805555555556,56.8466341552852,42.2481026895738,20.3598392929983,15.1313194523381,0,0,0.327874486788345,0.243674497056171,191.882515109295,142.606019215255,175.751090359308,<50,1.74
T-08,LG,6.95,7.2,4736,L22-2199,29.675,28.1778662143656,19.8160844152526,41.1427946294394,28.9336703231533,6.55735963946497,4.61146316645374,4.14751792513508,2.91674198085125,4797.83955051359,3374.08066389868,4593.78166859695,3067.3644584408,
T-08,LG,7.6,7.68,4737,L22-2183,27.6777777777778,40.2580052464188,29.1154840165489,40.129697753044,29.0226891860626,5.36420448366904,3.87951188713353,3.58190349205801,2.59051220331173,3583.37096939877,2591.57351553518,3407.14131758952,2311.89253735446,
T-08,LG,9.1,9.4,4738,L22-2178,28.1277777777778,44.5004928211303,31.9834930903868,40.1246128491706,28.8384509127622,5.31147595880546,3.81747580439257,3.55149432928387,2.55253789655252,3364.84273002266,2418.38724435017,3190.10920902189,2138.09960206201,1.52
T-08,CS,9.4,9.65,4739,L22-2206,19.6027777777778,81.6102813614153,65.6123992623179,13.9130954452055,11.1857422630717,2.82141356037844,2.26833812994537,1.08926684977498,0.875740289806594,925.646765462398,744.194287021616,872.054836453468,593.292586985354,
T-08,ZC,10.5,10.6,4740,L22-2150,19.6083333333333,79.8630005987023,64.2031972313068,13.0187212439755,10.4659669867193,2.36134101838006,1.89832140035937,0.93843717161359,0.754425282879692,870.023200581759,699.426151334352,823.85209173837,554.462594083338,
T-08,ZC,11.1,11.2,4741,L22-2168,18.6361111111111,79.7742404374262,64.9074243514625,14.6815491688638,11.9454793529219,1.1206405582979,0.911796738697329,0.999237934874931,0.813018843067267,793.205254881603,645.382642242695,744.042748485756,502.883504052675,1.86
T-08,LG,11.2,12.3,4742,L22-2203,27.5277777777778,42.5257388571501,30.8193479661957,33.834539392881,24.520642576674,6.31356272067763,4.57557920506887,3.28165746194662,2.37829008839409,3693.07310279083,2676.45214588369,3531.61555566306,2408.03749575692,1.42
T-08,XC,12.3,12.5,4743,L22-2174,24.7444444444444,51.7516524790934,38.9459935823222,36.9092904547982,27.776291583372,0.317772940477264,0.23914179176139,1.74862584881934,1.31593809711704,781.754809964505,588.313925321066,695.722418202594,387.475326498463,
T-08,LG,13.15,13.25,4744,L22-2188,24.4444444444444,68.1497580184142,51.4909282805796,22.0157023575276,16.6340862256876,2.86294183062603,2.16311160536189,1.66826801682529,1.260469168268,1498.07149782947,1131.87624280449,1415.99271140167,935.41671528126,
T-09,SI,1.4,1.55,4890,L22-2217,31.3778897219619,59.9401064930042,41.1321659784028,19.8224150682994,13.6025595279389,0.325243309177788,0.223188822295922,0.311714883035804,0.213905330789887,95.3252693229607,65.4142114376389,79.9888970775991,<50,
T-09,ZC,1.55,1.75,4891,L22-2216,25.2514231402544,51.6574942362543,38.6132417830052,41.8376159285289,31.2730224986216,3.70249869349101,2.7675650816352,2.98680972186886,2.2325977606055,2078.59335854762,1553.71895421554,1931.64232023167,1304.99231712235,
T-09,LG,2.5,3.5,4892,L22-2135,29.1805555555556,43.0305600325412,30.4740035563789,38.9206195385167,27.5633665315134,6.55697609665484,4.64361404400597,3.68861131970828,2.61225404433229,3745.96783409428,2652.87360917316,3564.48815716464,2363.85765463645,1.7
T-09,CS,3.5,3.8,4893,L22-2218,13.5583333333334,86.4192845731108,74.7022699064065,10.1167663456217,8.74510144192779,1.44305955415047,1.24740472960023,0.62568493983773,0.540852490078065,440.868538220493,381.094112246765,410.084839180477,279.91333640159,
T-09,LG,3.8,5,4894,L22-2207,27.7916666666667,43.1639668928834,31.1679810939029,34.4844673651924,24.9006591432827,6.23569396704715,4.50269068537196,3.34437998719506,2.4149210490871,3691.68065751296,2665.70107477915,3527.13716214296,2394.0327924974,1.33
T-09,LG,6.6,7.2,4895,L22-2215,21.4,64.0752679688202,50.3631606234927,23.3798008010706,18.3765234296415,4.15683108406939,3.26726923207854,2.0638052139418,1.62215089815825,2100.50348824369,1650.99574175954,1998.96427171775,1453.48591757015,1.5077
T-09,LG,8.55,9.65,4896,L22-2136,28.4944444444445,31.0253154293853,22.1848241606455,40.6021338267045,29.0327813601952,6.18858025647864,4.42517869339647,4.11164533676883,2.94005484053064,4683.22444734249,3348.76565898584,4480.93149677346,3047.39551638729,1.4453
T-09,LG,10.3,10.4,4897,L22-2190,24.4305555555556,76.6705004787172,57.9394712645417,26.74274660963,20.2093450420829,4.83263556879166,3.65199585136048,1.88505000427675,1.42452181573192,981.364921729785,741.612019323856,888.620461519369,537.157490434289,
T-09,LG,11.1,11.4,4750,L22-2198,25.6777777777778,33.1043429993919,24.6038833692147,37.9010483530516,28.1689013815069,9.2118320068832,6.84643825489353,3.76036365262056,2.79478583026432,4362.65274184128,3242.42046557515,4177.64285013235,2963.68922494837,
T-09,LG,13.1,13.2,4898,L22-2180,24.0388888888889,35.2325565541647,26.7630414313941,35.7907019049412,27.1870148414589,12.0321237316511,9.13973487682589,3.57022103700686,2.71197956883304,4213.45012444202,3200.58353063865,4037.79524942128,2934.94024696318,
T-09,LG,16.05,16.15,4899,L22-2216,25.2514231402544,51.6574942362543,38.6132417830052,41.8376159285289,31.2730224986216,3.70249869349101,2.7675650816352,2.98680972186886,2.2325977606055,2078.59335854762,1553.71895421554,1931.64232023167,1304.99231712235,
T-10,XC,3.3,3.4,4745,L22-2205,24.6833333333333,47.054342578126,35.4397623517585,26.7466064939335,20.1446524576809,5.11136448621653,3.84970935220208,2.53294088283943,1.90772664159189,3140.64934930777,2365.43240158697,3016.02865787207,2135.81391748732,
T-10,CL,3.4,3.5,4746,L22-2162,21.1694444444445,90.6220376164026,71.4378557087747,10.6132420174896,8.3664776448427,0.720753399287567,0.56817390884394,0.499889316836906,0.394065525625405,<50,<50,<50,<50,
T-10,LG,3.5,4.8,4747,L22-2210,27.5722222222223,33.0055216569866,23.9051658801185,43.7367390366199,31.6775481566896,7.08238570680132,5.12961458108715,4.1093070453535,2.9762797750152,4280.52080791577,3100.28609848877,4078.34290128438,2802.2059113358,
T-10,CL,4.8,5.2,4748,L22-2194,20.7083333333333,60.7299381851945,48.1537801526772,28.9954546607797,22.9909792581099,0.826916854306256,0.655676155727002,1.27964111109871,1.01464876434202,534.372163257806,423.712594449836,471.41382059175,259.896041910875,
T-10,LG,5.2,5.4,4749,L22-2169,20.5694444444444,74.9475604831377,59.5312636670923,18.0717431637591,14.354485993547,5.07080647086468,4.02776975095488,1.58467771291447,1.25871831113304,1496.26129116025,1188.48865613131,1418.29514768486,1013.42777077912,
T-11,ZC,4.2,4.3,4900,L22-2191,21.4,58.7853613199096,46.2052939974489,26.1979425741401,20.5915828632741,8.4496000077025,6.64138560605417,2.25064008082003,1.76900310352455,2303.63437037733,1810.65661511658,2192.90287840098,1605.92166242317,
T-11,CS,4.3,4.5,4901,L22-2160,16.7166666666667,64.7410458702282,53.9185010355884,27.2633084254694,22.7057920336784,0.583348135128627,0.485831771872958,1.281416134127,1.06720607037211,546.978435896137,455.541874028833,483.932762097089,311.093668699859,
T-11,LG,4.5,4.65,4903,L22-2204,25.6222222222222,40.9172274844782,30.433324531233,35.1432556299577,26.1387725763263,6.35100473447076,4.72373618806081,3.43246879166881,2.552994010159,3845.12930141794,2859.92172707686,3676.25183686784,2593.39219955481,
T-11,LG,5.7,7,4904,L22-2137,25.2972222222222,45.0226663139844,33.6331823661662,31.8186999254903,23.769452697117,6.28488422593354,4.69498309688974,3.13803711325118,2.34420089129622,3586.42621184371,2679.16000319758,3432.03478587176,2424.69059712359,1.275
T-11,ZC,8,8.1,4905,L22-2196,18.0444444444445,57.4687787688018,47.0988569109647,27.4600453730731,22.5050327413097,4.10393541013048,3.3634030650136,2.52383528975221,2.06842323302359,2625.52715276329,2151.76536430911,2501.35445650748,1950.75449679991,2.08
T-11,CS,8.1,8.35,4906,L22-2185,20.4083333333334,67.0863683211103,53.3951586529104,23.5754993457596,18.7641328542791,4.82330134031126,3.8389459251094,2.03521367698243,1.61986048573827,1915.06238311406,1524.23006842686,1814.92987020652,1332.2870991952,
T-11,LG,8.35,8.8,4907,L22-2138,27.1333333333333,23.564102191443,17.1703757968315,41.9249253493528,30.5492956045617,8.12611116099647,5.92122633264609,4.33302119692685,3.1573281121607,5177.45455416306,3772.63855180015,4964.26991127426,3468.06467534851,1.2839
T-11,CS,8.8,8.9,4908,L22-2167,14.8722222222222,82.2107622528734,69.9841950000433,19.6113182867279,16.6946794504184,3.04403057647526,2.59131558462946,1.30958012105292,1.11481645527188,642.395749954511,546.857226475165,577.964407998707,410.211034653566,
T-11,ZC,8.9,9.15,4909,L22-2139,27.925,26.699674911732,19.2437906926308,45.0096162661344,32.4406809238164,2.5480204396098,1.83648573184876,4.13981169601048,2.98376927989955,4455.84799325544,3211.55244113886,4252.16925781172,2911.1634925678,1.7705
T-11,LG,9.8,10,4910,L22-2166,24.4138888888889,48.9955012797051,37.0337940367237,31.8650914374411,24.0855834195614,5.90883810422816,4.46626093483757,3.02562026285905,2.28694869368493,3255.09621257947,2460.40064001389,3106.23569564681,2213.6063753957,
T-12,LG,14.5,14.9,4828,L22-2442,25.1972222222222,46.3914174198028,34.7020688804964,35.7911901133809,26.7728044045343,7.14760868866448,5.34660984380683,3.41415370526244,2.55388180913923,3527.12420979847,2638.38688460175,3359.14784749956,2374.15117736988,1.64
T-12,LG,15.6,16.6,4829,L22-2443,29.4722222222223,32.3758781550179,22.8339873987751,42.5204083175234,29.9886990883867,6.19901671211882,4.37202873113047,4.15995820689334,2.93392607980616,4503.06605355459,3175.91241943753,4298.39610977544,2869.46603408884,
T-12,LG,16.6,18.2,4830,L22-2444,24.1111111111111,57.5098843007689,43.6436121971391,31.5496184784563,23.9426549119841,4.22969740029796,3.20987036044834,2.76948181583116,2.10172897801409,2565.026620124,1946.57020171632,2428.7681147851,1710.55402488692,
T-12,LG,22.8,24,4831,L22-2445,27.7833333333333,39.9088996061303,28.8208769988938,36.5478011530226,26.3936037326745,8.30112704865361,5.99479725030268,3.61142157561885,2.60804828119275,4003.4507530631,2891.15868550374,3825.76881154266,2610.03437673572,1.22
T-13,LG,11.2,12.55,4821,L22-2187,26.7666666666667,32.5915308334202,23.8678644136747,39.8730003289929,29.2003272409325,7.49564950027612,5.48931398403555,3.99083413682948,2.92262086620479,4517.61160624228,3308.39756630476,4321.26256671027,3017.38795302082,
T-13,MR,12.55,12.75,4822,L22-2164,22.0188731183895,60.1020323813468,46.8682421297246,41.7318271008542,32.5429490415314,1.1095174252584,0.865214191164333,2.43194785697118,1.8964603440393,937.740889900729,731.260913174231,818.089055337747,516.851262096355,
T-13,LG,12.75,13.85,4823,L22-2214,26.4694444444445,40.0038744166968,29.4150711023439,38.4829844115075,28.2967522321393,7.05584690730957,5.18820343009421,3.79823788011335,2.7928654145689,4073.86931862616,2995.53874259314,3886.99601492458,2712.54781975191,1.5034
T-13,LG,16.1,16.25,4824,L22-2181,27.6111111111111,45.8060048653125,33.1584579663901,34.3213915306566,24.8448739802475,9.51716913769805,6.88937299245587,3.29074268889046,2.38213206868015,3521.5643727083,2549.22132091051,3359.65983241489,2280.15931202033,
T-13,LG,17.2,18.35,4825,L22-2200,26.3444444444445,47.5906036166173,35.0531234860618,33.3324897925761,24.5512305372207,4.28242963976684,3.15424734244604,3.1523817861547,2.32190431782439,3347.85993729323,2465.8848360352,3192.76275341442,2206.7526991538,1.37
T-13,LG,19.4,19.6,4826,L22-2165,26.2472222222222,36.3303096796249,26.7946125639923,37.6401188669631,27.7606332232427,4.92207039603719,3.63016364125509,3.71136318639213,2.73723344338604,4185.07378143053,3086.6081658545,4002.47471266003,2807.57655821768,
T-13,ZC,20.5,20.7,4827,L22-2156,29.6166666666666,28.2027991442876,19.8500701310545,39.1525802895446,27.5568910937911,4.50434741259173,3.17030985389581,3.89323082406089,2.74018562833486,4630.3829759049,3259.01788454107,4438.8360193611,2961.30908496033,
T-14,LG,114.8,116,4842,L22-2456,28.8694444444444,49.4223202541181,35.1543709652001,28.7449531609475,20.4464448775662,3.67807692327503,2.61623654928622,2.75744078083957,1.96138294652664,3165.44338821127,2251.59746783128,3029.77730179396,1996.31548241772,1.69
T-14,LG,116,117.1,4843,L22-2457,27.805,45.334767341266,32.729435282027,39.2196751925833,28.3146445052855,6.13275792525357,4.42754458413681,3.6712098220064,2.65042993099752,3595.41486707067,2595.70976328167,3414.79134382795,2312.38111067659,
T-14,LG,117.8,118.25,4844,L22-2458,26.9625,49.4411761331368,36.1105990182398,36.0441708584943,26.3257612907727,5.95200799144369,4.34719783675069,3.35951951129403,2.45370906306138,3296.58585193441,2407.7438916066,3131.29749197875,2138.72765570398,
T-14,LG,121.8,123.2,4846,L22-2460,29.1083333333334,31.572608058515,22.3823480628156,43.052164625315,30.5203970389629,7.94981164864231,5.63575397458335,4.23697779068457,3.0036641721128,4593.81278715043,3256.63044835739,4385.35347984875,2948.75433775611,1.46
T-14,LG,123.2,124.7,4847,L22-2461,27.8777777777778,45.836118206293,33.0580270307831,34.6758385655136,25.0089853476388,5.0933542692906,3.67344028466281,3.18780083417767,2.29911280162747,3335.39285910462,2405.55944982756,3178.55305806307,2139.11532220971,
T-14,XC,124.7,125.45,4848,L22-2462,28.3583333333334,52.3133872078962,37.4781824855236,37.903445347401,27.1546599709672,4.12844956320294,2.9576900745713,3.26917894680164,2.34209428380447,2858.92203354631,2048.17939353313,2698.07842936367,1776.97752143662,1.57
T-14,LG/MR,127.5,128.65,4849,L22-2463,20.1791666666667,72.4150860981972,57.8023251826318,22.0319998723875,17.5861258981386,0.291400110307512,0.232597996381709,1.84873175108813,1.47567308981647,1581.68356859276,1262.51300514715,1490.72596643922,1078.92447246151,
T-14,LG,128.65,129.8,4850,L22-2464,26.8027777777778,43.9948807304003,32.2030306146327,38.9252848562844,28.4922272568875,7.14226059829444,5.2279363618238,3.64453464301873,2.66769812161629,3641.90862807266,2665.77595162063,3462.59752363614,2387.10992625933,
T-14,LG,131.5,132.5,4851,L22-2465,26.0777777777777,51.2834884911806,37.9098943257583,32.7857610472329,24.2359631385823,7.9196873364155,5.85440887213026,2.89860424236812,2.14271266938613,2883.55256066421,2131.58613178878,2740.9412319397,1882.7368906772,1.68
T-14E,LG,114.2,115.05,4832,L22-2446,29.825,28.2599185384193,19.8313978343357,42.2154023140237,29.6246585738661,5.2378387716671,3.67565335801739,4.23325576111437,2.97068723036201,4809.87855162077,3375.33227359987,4601.60236817394,3065.13696186606,1.45
T-14E,CS,115.05,115.3,4833,L22-2447,14.8888888888889,94.9969785036647,80.8529839264523,5.92908187512301,5.04630746260469,0.431550652218532,0.367297555110439,0.320012103386561,0.27236585688234,68.8491171003635,58.5982485543094,53.1045216137447,<50,2.07
T-14E,LG,115.3,116.1,4834,L22-2448,25.3638888888889,56.6777010819847,42.3020319547735,25.2038742754291,18.811191608514,3.45181380992353,2.57629959052321,2.33865363942165,1.74548012882279,2618.71793212297,1954.50922550589,2503.65617306342,1729.13021427892,1.67
T-14E,XC,116.1,117,4835,L22-2449,19.5933333333334,75.9242223521817,61.0481363859776,20.2769098786702,16.3039873364427,0.857309595482729,0.689334068741146,1.58364028452483,1.27335236477693,1231.02080706859,989.822796936954,1153.10570506997,819.410527256596,
T-14E,LG,117,118.25,4836,L22-2450,28.5444444444444,33.9957712671598,24.291867224345,42.4608782906648,30.3406564763628,7.34175991146031,5.24609533228903,4.10325632459997,2.93200460261138,4360.19027063322,3115.59818116025,4158.31005946291,2814.34911026733,1.42
T-14E,LG,119,120.2,4837,L22-2451,21.7777777777778,66.5490599466482,52.056153558267,29.0880749175051,22.7533386021373,4.45938485928396,3.48822993437323,2.27649994018757,1.78072884210228,1727.92193572692,1351.61893639084,1615.9181386697,1144.22929958163,1.62
T-14E,LG,122.6,124.5,4838,L22-2452,27.2944444444444,51.0009294261273,37.0805090777627,36.7841674386656,26.7441332927676,7.11219040832874,5.17095754854435,3.31996273080509,2.41379734766923,3099.99467511728,2253.86835073666,2936.65250876167,1984.99007678689,1.5
T-14E,LG,126.3,127.4,4839,L22-2453,26.3222222222222,47.3290765785454,34.8710118658149,30.9559433136378,22.8076511236369,6.33240926406121,4.66557842555443,2.84611578311023,2.09695486197822,3156.12570049454,2325.3632799977,3016.09680396552,2077.42087856615,1.36
T-14E,LG,127.85,129.45,4840,L22-2454,27.5583333333333,36.212022095815,26.23259233991,37.695799751623,27.3074656034049,6.87277896109018,4.97875562572975,3.65448305292764,2.64736843159166,4101.97480766869,2971.53891692199,3922.17424146465,2689.71755675435,1.28
T-14E,LG,131,131.9,4841,L22-2455,24.1972222222222,53.1353293902973,40.2780556592173,28.3924045440517,21.5222313222952,6.34753844558614,4.81161046226667,2.52376815069608,1.91308636289848,2709.73267352369,2054.052636883,2585.56328050945,1826.84406560617,1.5
T-15,LG,128.7,128.85,4600,L22-2924,21.3333333333333,42.7588107110912,33.6369310927251,38.7936452302111,30.5176675810994,6.43012677790658,5.05836639861984,3.59181087159938,2.82555788565818,3629.92145620508,2855.53821221466,3453.20436132239,2599.18743090695,
T-15,LG,129,129.45,4601,L22-2852,21.2944444444445,69.4982052414226,54.6989485364019,21.5454136366465,16.957437499465,2.77891042016314,2.18715688458062,1.87340044947592,1.4744702315403,1787.03435259752,1406.49531518051,1694.86305048331,1216.83193534428,
T-15,LG,129.8,130,4602,L22-2871,25.975,39.1336950107406,28.9687177317007,39.8231599814593,29.4790941762752,3.31529007996603,2.45414348169486,3.68214761872013,2.72570977475758,3805.92411968911,2817.33532959987,3624.76245684808,2540.36790868179,
T-15,CL,130.7,131.05,4603,L22-2850,22.675,68.5327984281223,52.9929863845456,28.5107442420573,22.0459329851708,3.45351679365041,2.67043186069018,2.23649688548485,1.72937121670116,1646.67603715479,1273.29224572994,1536.64039038894,1063.49468186824,
T-15,LG,131.05,131.3,4604,L22-2855,28.2805555555556,37.3152315776222,26.7622767806286,45.1144199626036,32.3558113615128,5.52532781870573,3.96273441531009,3.97942919482982,2.85402451059197,3775.11963644084,2707.4948303685,3579.33172005521,2411.53376889182,
T-15,CS,131.3,131.7,4605,L22-2869,16.1277777777778,82.1966188677201,68.9401308358873,20.3601354036572,17.0764980105007,1.12233817659878,0.941329969561765,1.10494944432836,0.926745653390295,270.889358390926,227.200924645989,216.52584572997,92.9022607214088,
T-15,LG,131.7,132.3,4606,L22-2865,27.125,43.1732195765988,31.4624837664463,40.4922534026208,29.5087296671599,6.71105133214571,4.89067865830119,3.74750650882338,2.73099536830504,3666.08476960326,2671.65927584838,3481.70744936915,2388.10680372777,
T-15,MR,132.3,132.75,4607,L22-2853,22.18,64.2685241176342,50.0137654683429,34.9780833423922,27.2199444570496,1.33146110150091,1.03614302918801,2.01399920651456,1.56729418250963,845.196642832059,657.732027451909,746.107881871543,458.631153672435,
T-15,LG,132.75,133.5,4608,L22-2928,23.35,63.9664604360214,49.0302919242104,27.3460398530289,20.9607395473467,4.90424313014697,3.75910235925765,2.44942067222732,1.87748094526224,2261.29706362665,1733.28419926983,2140.78556655306,1512.48713676292,
T-15,CL,133.5,133.7,4609,L22-2857,17.6972222222223,76.5820223013474,63.0291316324061,23.4845474103733,19.3284348672764,4.24545273930085,3.49412553368736,1.88262179235218,1.54945003015563,1311.64878657259,1079.52338603776,1219.02379438887,905.95572233188,
T-15,LG,133.7,134.5,4610,L22-2858,29.1888888888889,36.9638533001551,26.1745152313209,41.6554612219921,29.4966949297506,6.67069760751278,4.72359509474211,3.95362809148561,2.79960798078198,4102.75872350873,2905.20903832457,3908.24022140764,2606.92943678121,
T-15,LG,134.5,135.5,4611,L22-2951,25.0777777777778,56.7432597809441,42.5133111892118,34.665238074729,25.9719667042108,4.19516014893343,3.14310720936201,2.96057338170298,2.21812736809146,2557.56738018627,1916.18631606623,2411.90716980649,1669.12667177835,
T-15,LG,135.5,136.5,4612,L22-2867,23.715,52.702283444325,40.2039369255033,35.5964642734733,27.1547627710191,4.69008620950893,3.57783226492388,3.1028308998546,2.36699455195408,2835.8438534792,2163.32348362661,2683.18457320636,1916.43485167047,
T-15,MR,136.5,136.95,4613,L22-2930,23.23,72.9946477404659,56.0379910703557,30.8404612767519,23.6762221221624,2.145919290391,1.64742223923317,1.64,1.26,365.747217389585,280.784138789984,284.968395459564,91.005237194307,
T-15,LG,136.95,137.1,4614,L22-2915,32.9111111111112,25.0087891013036,16.7781187326301,40.7102761875422,27.31207195782,5.57570123738342,3.74067600792456,4.01077445146534,2.69078401532752,4774.46379668023,3203.13471159502,4577.13369366814,2889.7370269298,
T-15,LG,138.2,138.3,4615,L22-2879,22.1972222222222,46.1422730790643,35.8999701853198,42.3858239465259,32.9773484143957,3.12325967664059,2.42998278563962,3.27750327749136,2.54998859164599,2671.36949674621,2078.3996731768,2510.11633549364,1830.85551224559,
T-15,LG,145.3,145.9,4616,L22-2864,26.6305555555555,37.6916114247172,27.6541259044738,41.9435056433273,30.7737170710335,7.21293675654782,5.29209162640826,4.06539682661713,2.98275906615106,4205.33872108847,3085.43365666971,4005.3211972189,2792.21385505953,
T-15,CL,145.9,146.2,4617,L22-2953,13.5027777777778,73.7036398594426,63.7516011550885,22.806009974079,19.7265651273013,4.41413510875632,3.81810425421009,1.83896594865645,1.59065446320037,1435.95819831564,1242.0639538153,1345.48107364174,1089.53847644806,
T-15,LG,146.2,146.9,4852,L22-2920,22.575,43.2299729549864,33.4708065603982,39.0797941161705,30.257530594445,4.78897209548521,3.70786164492943,3.41999209309768,2.64792887808088,3332.77208274872,2580.3987850682,3164.50847176832,2325.95818426662,
T-16,LG,12.95,13.55,4595,L22-2927,28.8138888888889,30.2979210684133,21.5679117561174,40.7758627479222,29.0267509622501,7.2528304864561,5.16300796878918,4.11497248781292,2.92928888736616,4700.44576607083,3346.0645457527,4497.98911967043,3043.46714360539,
T-16,CL,13.55,13.7,4596,L22-2889,20.0083333333333,71.3235796609731,57.0529200971401,34.9913696490516,27.9901797717705,3.13861720260028,2.51063221064668,2.09899367271244,1.67902002203056,675.826445800947,540.604837770274,572.555957103495,347.951219353037,
T-16,LG,13.7,13.9,4597,L22-2942,29.375,25.0345245741835,17.6806329805171,45.4419176557333,32.0933543443617,6.55485718124237,4.62936788425242,4.54397225095095,3.20918040223411,5065.78259621927,3577.70895857986,4842.21916147248,3258.25478278994,
T-16,CL,13.9,14,4598,L22-2883,24.3916666666667,60.2199562512224,45.5313052556117,16.2440853194758,12.2818821753004,0.718803499048865,0.543475345572529,0.379526642353327,0.286953768839311,544.527992493261,411.708539657613,525.855281689478,263.436247564052,
T-16,LG,14,14.1,4599,L22-2923,25.625,34.1352975400761,25.3881275454316,36.1724440570868,26.9032552674583,7.29421620530258,5.42507330269379,3.57173291727982,2.65647635722687,4222.22490510085,3140.27977316876,4046.49564557068,2868.6436363932,
T-17,LG,12.65,13.25,4652,L22-3626,25.2777777777778,41.4725111024117,30.9891819070799,34.5656072220747,25.8281898409391,5.89361827223816,4.40384254231129,3.43001928180461,2.56298663001511,3877.20745697249,2897.13557201555,3708.4505083077,2632.00885204103,
T-18,ZC,8.75,8.85,4853,L22-2943,21.05,56.1174754170388,44.3047468417522,27.8918982283493,22.0206536512818,4.02847951796083,3.18048457943008,2.4231281740573,1.91305969341824,2491.73773951502,1967.22694534711,2372.5198333514,1757.32940843093,
T-18,CL,8.85,9,4854,L22-2952,14.2666666666667,91.3997063539052,78.3600149140814,11.3847557551082,9.76053060071275,2.05949331820901,1.76567227147786,0.591198762755412,0.50685440593564,56.9961999061123,48.8647420528403,<50,<50,
T-18,MR,9.3,9.4,4856,L22-2926,29.6277777777778,58.7948601008312,41.3752496054016,44.6471168747279,31.4191683028988,0.430909875486912,0.303240855155151,2.01970846528757,1.4213137294332,99.5289252266497,70.0407164358874,<50,<50,
T-18,LG,9.4,9.6,4857,L22-2881,24.0833333333333,62.4142821106313,47.382842502321,36.0765815050195,27.388138125894,2.75603739586758,2.09229172302947,2.43839068547067,1.85114492871982,1424.71279137942,1081.59446078888,1304.74396965426,858.059796962527,
T-18,LG,11.5,12,4858,L22-2892,28.6611111111111,37.4205533519685,26.6954069773682,46.8380148571787,33.413719376724,3.12122999126344,2.22665079543411,4.03215097561739,2.87649170432794,3672.44263367956,2619.87976994884,3474.06080567918,2320.7202669848,
T-18,MR,12,12.4,4859,L22-2936,24.9000000000001,52.8190055975415,39.6670732037536,37.4080835857822,28.0934707729224,1.01896357149539,0.765241642193035,2.1931428353791,1.6470502693697,1330.63991135837,999.310573430135,1222.73728385772,781.325700177146,
T-18,LG,12.4,12.8,4860,L22-2876,27.2173728813559,44.4506831304777,32.3523749545456,38.5034759398244,28.0238413209992,5.16449278520806,3.75885352642726,3.42570410906576,2.4933174478894,3349.07736589083,2437.54649113123,3180.5327237248,2165.17972184762,
T-18,MR,13.7,13.85,4861,L22-2908,19.4361111111111,50.0007742566646,40.2825682157234,43.5001043890698,35.0453757665608,1.09327545872353,0.880785225815517,3.28199925043894,2.6441062294578,2405.78597220286,1938.19473754998,2244.31160908126,1701.20609994955,
T-18,ZC,13.85,14.1,4862,L22-2848,20.3,71.13351118107,56.6934084113128,21.4709217415109,17.1123246279842,6.29786756874302,5.01940045228819,1.76814446260248,1.40921113669417,1574.75423775765,1255.07912749285,1487.76153019761,1074.0959395675,
T-18,LG,17.3,17.6,4863,L22-2898,20.5861111111111,50.4439638653513,40.0595134151814,26.1312701733925,20.7518578607533,3.5096571475192,2.78715522751184,2.55281948265264,2.02729322748767,3091.93627353015,2455.42683677649,2966.33755498365,2242.46039887298,
T-18,LG,19,19.3,4855,L22-2918,24.8777777777778,49.6817186146295,37.3220110615011,44.9020285870145,33.7314016974228,6.07734103575906,4.56543363808522,3.47618643988201,2.61138850222692,2557.9895519744,1921.61859565543,2386.9611791322,1656.31050356809,
T-19,ZC,5.3,5.65,4864,L22-2917,30.1138888888889,32.0128099034165,22.3725078988905,44.3717591436933,31.0096968971161,3.67514967785498,2.56841918736537,4.06689433360035,2.84219429275142,4195.73509716605,2932.23609193335,3995.64389595292,2626.7737438411,
T-19,LG,6.4,6.8,4865,L22-2887,31.1555555555555,46.5599917327629,32.0539676417999,37.1583062601488,25.5814295097647,7.84096835426898,5.39807110256118,3.40981422123798,2.34746765719895,3375.36010527143,2323.74791247353,3207.59724558652,2036.89694818379,
T-19,MR,6.8,7.1,4866,L22-2925,15.8555555555555,73.8004140708327,62.0989484176018,19.8578226077811,16.7092545120807,0.09185102378269,0.0772875336784791,0.828196629989774,0.696881453212507,267.561320320379,225.137986531804,226.814046124882,103.645863478193,
T-19,LG,7.1,7.2,4867,L22-2866,26.525,49.4279997396028,36.3172228086732,29.1124931699261,21.3904043566032,6.05802120767275,4.45113108233755,2.58266522114539,1.89761327123658,2874.97026248713,2112.38440036242,2747.90313360678,1873.13432741758,
T-19,XC,9.65,9.9,4868,L22-2931,23.5944444444444,56.2063910655661,42.9448053513739,28.0579489808624,21.4378317963222,6.61293172993324,5.0526472267651,2.51957099581965,1.92509221697265,2610.8497149637,1994.83422943865,2486.88682196937,1770.35024791915,
T-19,MR,9.9,10.3,4869,L22-2938,24.0650000000001,59.6791191945499,45.3173391603814,16.2669080394865,12.352276619784,0.638808579487878,0.48507929483412,0.205675223188143,0.156179480727916,312.868963900134,237.577047737566,302.749742919277,97.5355172857526,
T-19,XC,10.3,10.4,4870,L22-2849,30.1027777777778,46.9702386728829,32.8308921034931,34.2990092573388,23.9740547206227,6.34185262647521,4.43277882333322,3.22208759322054,2.25214972522801,3376.41989257675,2360.02371546969,3217.8931829903,2083.65267121069,
T-19,CL,10.4,10.5,4871,L22-2904,24.5055555555556,71.5310091226487,54.0019379426485,32.2928125046199,24.3792793958489,10.0679361379722,7.60073245438357,2.60822250304529,1.96906308854903,1677.84446315608,1266.67935610155,1549.51991600625,1035.02089658938,
T-19,XC,10.5,10.7,4872,L22-2935,21.77,69.787111500163,54.5944573265775,24.1760943069263,18.9129585763084,4.20849098334307,3.29230249626928,2.01785270593937,1.57856617185637,1717.65436928743,1343.72101309356,1618.37601615522,<50,
T-19,ZC,12.55,12.75,4873,L22-2922,25.0333333333333,51.9787476119423,38.9667344597528,40.2594066094952,30.1811351549182,0.726509261645119,0.544639776479958,2.96459031468545,2.22245453924253,2193.09394472155,1644.08942722626,2047.23610123903,1397.06133056219,
T-19,LG,15,15.1,4874,L22-2897,24.8333333333333,49.1943978094485,36.9777890201022,28.0506012317648,21.0847019258765,4.98521680896905,3.7472213014084,2.67474039940189,2.01051320021709,3125.49104633186,2349.32743649278,2993.89381868129,2113.82685370877,
T-19,LG,16,16.65,4875,L22-2929,31.7694444444444,25.8958477462103,17.6688807830601,42.6789547077545,29.1200879024049,8.61553950062845,5.87843046538713,4.35888181514259,2.97408927848187,5042.28777432215,3440.38096112986,4827.83078901713,3119.3238241841,
T-19,CL,16.65,16.75,4876,L22-2893,14.9305555555556,64.340428548383,54.7340451192841,28.3261623667344,24.0969089578122,0.0803394433595766,0.0683443181357509,1.08985643018815,0.927134810403109,178.516102393707,151.862656550202,124.89516602845,<50,
T-19,XC,16.75,16.9,4877,L22-2873,24.5166666666667,40.1408357497838,30.2996408517952,32.9462618365069,24.8689366429233,1.21470392752481,0.916899014626646,2.84671510181937,2.14879544935666,3251.8694459572,2454.6194534567,3111.81106294769,2214.05705068168,
T-19,LG,17.4,17.5,4878,L22-2890,8.60277777777775,69.0595943023648,63.1185508702975,15.7966009181224,14.4376544446939,1.82655719775329,1.66942254104657,1.31537388311041,1.20221519099949,1579.87640987758,1443.96315317228,1515.16001482854,1337.49888799732,
T-19,LG,22.8,23.25,4879,L22-2950,27.751106639839,33.7752452751328,24.4022409409635,43.73232434952,31.5961203832044,6.3051554702141,4.55540505186734,4.19473987736342,3.03065314073244,4372.88141164545,3159.35842786602,4166.50020967917,2857.61920682287,
T-19,MR,23.25,23.65,4880,L22-2937,13.46,51.1697610366285,44.2823112010983,9.80820453972353,8.48802020867674,2.40908904112854,2.08482565619264,-0.464119251190954,-0.401648799980651,348.813792097656,301.863455681312,371.648459256251,247.594576640359,
T-19,LG,23.65,23.95,4881,L22-2877,21.2078182487122,50.3048421264092,39.6362826379387,33.7616468763242,26.6015381690214,4.42189474256539,3.48410734241276,2.87621837011829,2.26623520574753,2792.63701528459,2200.37963273677,2651.12707147477,1972.23786024608,
T-20,ZC,5.2,5.45,4882,L22-2868,26.3111111111111,46.3112291311466,34.1262301775294,32.4063239089178,23.8798600182159,5.18896669671917,3.82369190362684,3.01821960916559,2.22409249422069,3300.28126681499,2431.94059572411,3151.78486204405,2177.80413389735,
T-20,LG,7.3,7.75,4501,L22-2947,27.4666666666667,46.6798955108176,33.858484210513,36.4327209586672,26.4258669353532,6.56267989935922,4.76013048700189,3.39140614506999,2.45989992389077,3417.2893392292,2478.67386738758,3250.43215689175,2206.58012446548,
T-20,XC,9.9,10.15,4502,L22-2914,24.0305555555556,59.5103237028198,45.2096623041227,31.2034921343704,23.7051196217471,3.80228636987167,2.88857583137835,2.35777959958326,1.79119206302785,1921.61066764952,1459.83694859852,1805.60791135002,1239.54224354199,
T-20,LG,10.15,10.25,4503,L22-2851,22.6763888888889,45.9777277075018,35.5516393702743,34.3689981783497,26.575350494212,4.66105289755958,3.60409441619215,3.33911077549193,2.58192103061058,3579.67126603328,2767.93108880376,3415.38701587908,2516.18043520883,
T-20,LG,10.9,11,4504,L22-2856,22.7361111111111,51.8232074701561,40.0406254383998,28.4715394029628,21.9982185692614,6.20233362811832,4.79216416294753,2.73937213122697,2.1165454397244,3067.9436383325,2370.41256389496,2933.16652947613,2141.2299171494,
T-20,LG,11.35,11.45,4505,L22-2880,20.0361111111111,62.2751922491941,49.7976655354875,22.769660656605,18.2075061478246,5.20809236127983,4.16459318900451,2.02642508695806,1.62040830495171,2182.48096020925,1745.19665004288,2082.78084593092,1555.27395032815,
T-20,MR,11.45,11.8,4507,L22-2870,13.3285714285714,89.598190621957,77.6560317862019,12.2412603971196,10.6096752613321,1.5064979635135,1.30570330637663,0.626023848090219,0.542583812337622,94.9407916454225,82.2865404161112,64.1404183193838,<50,
T-20,LG,11.8,12.4,4508,L22-2875,26.5722222222222,29.6465576975584,21.7688085049239,38.9383883679536,28.591593281069,6.48728772285733,4.76347121294474,3.93395387973989,2.88861491269567,4651.47288245412,3415.47317152201,4457.92235157092,3127.20609559516,
T-20,ZC,17,17.25,4509,L22-2846,26.5496183782966,37.7883525302974,27.7556891420581,40.7304855864379,29.9166970996115,4.46162774728032,3.2770826069172,3.555337088858,2.61140865970416,3585.92379903054,2633.87471505142,3411.00121425873,2359.37050791334,
T-20,MR,17.25,17.4,4510,L22-2872,17.39,68.8216821516812,56.8535916255038,20.7523391568063,17.1435073774377,0.0100127659396766,0.00827154594276685,0.664456283316783,0.548907335647994,145.297342900817,120.030134970365,112.606093761631,<50,
T-20,XC,17.4,17.5,4511,L22-2933,41.2925,59.2738761666947,34.7982108505623,30.7399785291074,18.0466728949758,4.1537492699197,2.43856235263811,2.27524696699292,1.33574061314737,1858.86233965421,1091.2916080525,1746.92018887816,798.464419885646,
T-20,MR,17.5,17.9,4512,L22-2907,15.82,61.7465629078886,51.9782566558606,16.4471776284894,13.8452341276623,0,0,0.0886411174312733,0.0746180926536459,39.8968772884949,33.585191301455,35.5357343108763,<50,
T-20,XC,17.9,18.3,4513,L22-2939,20.5833333333333,59.5619022058143,47.3020773351175,22.6317631584062,17.9733919083009,3.00288452093556,2.38479079037632,1.47564449892794,1.1719076728986,1511.10831006221,1200.07184957441,1438.50660071496,1029.20565873446,
T-21,LG,12.1,13,4514,L22-2948,28.9722222222222,34.4364144330494,24.4594199181409,36.2161742632119,25.7235437752869,5.81444092702741,4.12986818066919,3.59901443527928,2.55629997528031,4244.86253407179,3015.03152767266,4067.79102385605,2729.91434666664,
T-21,LG,19.55,19.65,4515,L22-2886,22.2416666666667,54.1040997283031,42.070446213733,37.0815607182067,28.8340035884656,2.88535826886101,2.24360650056184,2.56485645857487,1.99438963458018,1848.78357383488,1437.58329395444,1722.592636073,1217.13015726643,
T-21,MR,19.65,19.85,4516,L22-2913,25.4083333333333,61.3803441026402,45.7846216718944,26.353899293533,19.6578127147012,0.0603149646907586,0.0449899374122484,0.90928743182704,0.67825265019032,239.098746644554,178.347740101283,194.361804998664,<50,
T-21,LG,19.85,20.05,4517,L22-2911,27.5124999999999,42.6085219594606,30.885852355364,35.9428192903067,26.0540511330611,5.12028147815415,3.71156403647699,3.43980089298363,2.49342567230151,3704.94956272026,2685.62531427685,3535.71135878547,2411.63002119962,
T-21,LG,21.15,21.8,4518,L22-2941,23.2638888888889,45.0970696830975,34.6057374998769,31.1120142338605,23.8741498113999,5.02312487871828,3.85455068818312,3.0747726939126,2.35946099081488,3563.38566457653,2734.40358288685,3412.10684803603,2490.36671324987,
T-21,ZC,21.8,22.1,4519,L22-2912,23.6805555555556,52.1383508175741,39.791699686468,32.5365675705249,24.8317276111158,1.18051894320326,0.900965499014155,2.47165930337013,1.88635664889151,2255.51093499125,1721.39341496901,2133.90529726544,1498.341612288,
T-22,ZC,12.65,13.1,4520,L22-2878,25.345,46.549816887305,34.7517657972175,44.2866701045538,33.0622135665547,3.18035096630313,2.3742910138936,3.21500095512976,2.40015896305212,2371.47089485106,1770.42159655106,2213.29284785868,1512.9362755689,
T-22,MR,13.1,13.3,4521,L22-2888,21.4611111111111,54.6027283763044,42.8843761697675,43.162231532252,33.8991370650804,0.264187676770318,0.207490065916777,2.45752317035261,1.93011139218193,1056.69652149221,829.917706907518,935.786381510859,616.920115301056,
T-22,LG,13.3,14,4522,L22-2916,29.075,25.4598181350687,18.0573760122974,41.5013653525509,29.4348433762967,7.84002817479629,5.56053998297427,4.20375564708684,2.98151369269634,4955.04667708733,3514.36685572419,4748.22189925066,3207.76388204353,
T-22,LG,14,14.8,4523,L22-2902,27.1444444444445,46.0836069355564,33.5744678529382,34.3075335539605,24.9949441681465,6.05771501859065,4.41338193076654,3.23566307708963,2.35736031071963,3431.78551153414,2500.24639990326,3272.59088814133,2234.96982817141,
T-22,MR,14.8,15.2,4524,L22-2901,25.0000000000001,61.5353809011208,46.1515356758405,25.8283071827723,19.3712303870792,3.2590732964581,2.44430497234357,2.26566045503638,1.69924534127728,2249.37914044483,1687.03435533362,2137.90864605704,1465.93148454277,
T-22,LG,15.2,15.4,4525,L22-2945,27.6111111111111,28.3342925177187,20.5108795281042,43.6433892911026,31.5929645812815,5.7859572296899,4.18839015015885,4.30950923284625,3.11960585022148,4772.49515173821,3454.75621261938,4560.46729748217,3149.41049367737,
T-22,LG,17.95,18.4,4526,L22-2859,26.1111111111111,47.3892963690166,35.015424539329,33.6142813432385,24.837218992504,5.63976387527796,4.16715886339983,3.1492312723435,2.32693199567603,3323.05084638276,2455.36534760504,3168.10866778346,2197.26918230667,
T-22,MR,18.4,18.9,4527,L22-2921,21.2266666666667,61.1031757994632,48.1330083497639,38.5724453266818,30.3848009320048,3.24413261317447,2.55551139715131,2.49425466837571,1.96480754410182,1306.76641048385,1029.38346041848,1184.04908079977,816,
T-22,LG,18.9,19.4,4528,L22-2949,29.9916666666667,20.6641839296996,14.4666507661172,44.3769666862788,31.0675747609523,7.93263053341143,5.55350242593245,4.55454785493693,3.18856304411043,5369.30055050502,3758.95782706605,5145.21679604212,3437.12635862915,
T-22,MR,19.4,19.7,4529,L22-2884,21.6861111111111,58.208668429942,45.5854719179265,32.8414999762031,25.7194558008081,0.285010906255656,0.22320312444627,1.8914623940999,1.48127775769052,1134.31585200289,888.3268559866,1041.25590221318,696.174379197115,
T-22,LG,20.7,21.3,4530,L22-2946,25.9916666666666,45.4358354396891,33.6263045449899,39.3179010625602,29.0985232780498,6.15739746025259,4.55698723704194,3.57556300694444,2.6462145887228,3442.83856410781,2547.98744065345,3266.92086416614,2274.83951622162,
T-22,LG,23.45,23.7,4531,L22-2906,23.29,61.9466111474795,47.5192454112316,32.9317489592605,25.2619446266487,6.32778873850538,4.85404674130748,2.70888070427322,2.07798238824799,2154.2160779793,1652.49915341792,2020.93914732906,1422.16741991612,
T-22,MR,23.7,23.8,4506,L22-2944,21.3138888888889,59.0156140461353,46.4370916412465,32.431825869515,25.5193425390486,0,0,1.15555138180656,0.909258444234287,77.2681973441091,60.7993396157383,<50,<50,
T-22,XC,23.8,24.2,4532,L22-2885,23.7111111111111,52.4832946810786,40.0389223644762,47.5247212173687,36.2560817642726,1.80917851226463,1.38020218502321,2.99122179676148,2.28196987295159,1474.64529666821,1124.99051188043,1327.47718426754,882.306483020104,
T-22,LG,26.9,27.5,4533,L22-2847,25.6111111111111,34.4433951913985,25.6220589784903,40.9112882614002,30.433452767786,7.73123895724929,5.75118275764267,4.01045870994239,2.98333567367381,4364.41191607898,3246.63753090542,4167.09734754982,2958.99630464956,
T-23,LG,8.7,9.4,4534,L22-2910,29.7194444444445,26.9307785687689,18.9271007935673,41.2769292594883,29.009655199842,7.16532529366295,5.03583042374906,4.20370161511079,2.95438484899773,4917.0254823047,3455.71282577198,4710.20336284125,3146.90014675685,
T-24,LG,7.2,8.2,4535,L22-2940,27.6666666666667,28.3788553822005,20.5273720597917,40.7951392486665,29.5084840565355,6.40135169420811,4.63031105881053,4.12523297742885,2.9839185203402,4792.51652615214,3466.58695391672,4589.55506366264,3167.61149604931,
T-24,ZC,8.2,8.7,4536,L22-2860,18.0722222222222,47.1672134078575,38.6430497847597,39.5258089131648,32.3826168912468,1.85845753049697,1.52259295567993,3.09517473759958,2.5358078808545,2654.95674942908,2175.14706576837,2502.67415233919,1950.98809580811,
T-24,LG,9.85,10.05,4537,L22-2894,26.4777777777778,29.5005101348115,21.6894306180053,44.6324892218568,32.8147979090029,8.41845164485413,6.18943272599997,4.34532735577332,3.19478123479468,4676.00709213259,3437.9043254046,4462.21698622855,3135.09331087492,
T-24,MR,10.05,10.3,4538,L22-2862,20.55,59.2875710931379,47.1039752334981,38.7254354267142,30.7673584465244,0.131301683614225,0.104319187631502,2.11407742066592,1.67963451071907,815.841366721812,648.18596586048,711.828757625049,452.522947933102,
T-24,LG,10.3,10.5,4539,L22-2909,26.23,33.5740204200638,24.7675548638811,39.0473625719302,28.8052393693129,7.72904481832978,5.70171636248188,3.79504809073727,2.79960697653689,4277.32922334601,3155.38576806235,4090.61285728174,2873.38010481674,
T-24,LG,16.2,17,4540,L22-2905,23.655,45.9781243682074,35.1019990489079,44.6864448581692,34.1158663269692,5.06876655690252,3.86974982786722,3.59293888717067,2.74302919341045,2901.63197264261,2215.250929514,2724.85937939382,1950.19139319821,
T-26,LG,6.35,6.7,4541,L22-2863,24.8000000000001,37.6325052608498,28.299643956159,46.0563141700771,34.634348255898,1.27971993352439,0.962349390010342,3.65894495577233,2.75152660674079,3202.67241624139,2408.40965701352,3022.65232441739,2136.63454796188,
T-26,LG,7,7.4,4542,L22-2903,24.5944444444445,49.7075300595079,37.4822391943167,32.1366259632779,24.2328013444206,4.78229374662812,3.60611516794353,2.75199089526436,2.07515402341239,2802.11468531536,2112.95014576586,2666.71673326836,1875.58312336952,
T-26,XC,10.75,10.95,4543,L22-2899,14.1972222222222,83.9895972345948,72.06540747165,14.3363436596929,12.3009810917848,2.98866026184913,2.56435352300716,0.923164887175073,0.792101116665301,544.159435875837,466.903911521353,498.739723426823,349.847814359198,
T-26,LG,11.15,11.65,4544,L22-2891,24.7972222222222,35.1093704669157,26.4032218514114,34.8583221532079,26.2144265459388,6.46465531961259,4.86160037410754,3.5451367833191,2.66604133707772,4276.69815710479,3216.19581131384,4102.27742736549,2948.64185530739,
T-27,LG,9.2,10,4545,L22-2900,24.0027777777778,52.8373923570544,40.1549504860181,42.4707659776308,32.2766023995001,3.26736256152699,2.48310478668936,3.1194558850065,2.37069982105257,2157.77231239927,1639.84701930365,2004.29508285695,1391.19331033009,
T-27,LG,11.3,11.55,4546,L22-2934,26.22,58.9872285898988,43.5207772536273,32.2086679324696,23.7635552005761,5.73728191401637,4.23296659616128,2.85641087773318,2.10745994559154,2563.13219273299,1891.0789317984,2422.59677754852,1643.1819024753,
T-27,LG,13.5,13.8,4547,L22-2895,23.9722222222222,48.7966579664164,37.0990146816894,38.0583185510469,28.9348938539487,3.86108520968696,2.93549728303145,2.78031108528747,2.11380873345328,2280.65121648025,1733.92843875179,2143.8599110841,1498.08182684366,
T-27,LG,14.4,14.65,4548,L22-2919,24.2166666666667,37.1272864742835,28.1362952664278,34.8855958423845,26.4374673825537,9.59672600889324,7.27271886040626,3.43049811922525,2.5997458246862,4024.73972418547,3050.08192097855,3855.95921671959,2788.98275973733,
T-28,LG,9.45,10,4549,L22-2882,30.3428571428572,46.5059134169126,32.3946905458379,33.2499545227029,23.1609683218142,5.08501839310882,3.5420785263998,3.16241876088289,2.20285055400928,3415.50126068898,2379.14059244563,3259.91025765354,2103.87463090266,
T-28,LG,10.25,10.5,4550,L22-2854,28.5972222222222,40.6248564189667,29.0072759513761,34.0694290146369,24.326518689479,6.04943637792538,4.31946561373811,3.36861948538128,2.40528788532572,3873.57531522757,2765.8403743868,3707.83923654681,2490.21548820655,
T-28,ZC,10.5,10.9,4551,L22-2861,31.2194444444444,22.3737188133318,15.3887680982475,40.6866631686896,27.9845129644423,5.35599266701414,3.68388151188715,4.18078418988648,2.87556659238276,5131.6645704657,3529.58740081392,4925.96998832329,3216.40258002425,
T-28,LG,11.5,12,4552,L22-2932,25.2083333333334,66.0659218153584,49.4118040244034,24.4699680379368,18.3014969283736,3.9806983770737,2.97723066118637,2.11102617499444,1.57887166004792,1976.26833048332,1478.08402217398,1872.40584267359,1261.75770316629,
T-28,LG,12,13.1,4553,L22-2896,28.9805555555555,43.5854327490645,30.9541321970926,36.8122521843662,26.1438569888247,5.32982853286653,3.78521461388329,3.49799760072929,2.48425846271794,3660.79122331848,2599.87358907177,3488.6897413626,2318.25501715049,
T-28,LG,13.4,13.9,4554,L22-2874,25.5333333333333,46.2889773426791,34.4698584611817,38.8522800625075,28.9319978865472,2.78057518520781,2.07060165458475,2.94371086757509,2.19208335938759,2540.18460462061,1891.59080224081,2395.35402993591,1643.30696762561,
T-30,LG,4.6,5.2,4653,L22-3608,27.9583333333333,39.74582156469,28.6335522855621,37.5037706119982,27.018341411727,6.08932829722073,4.38685359412277,3.63307683446614,2.61732910282998,3944.65864872949,2841.79783485554,3765.91126847376,2559.25440966297,
T-30,LG-MR-LG(COMP),7,7.7,4654,L22-3616,25.1166666666667,59.1105257145951,44.263932005946,32.0505174459661,24.0004958141209,4.31349133064585,3.23008609143197,2.63128795153129,1.97039612770501,2248.1938146841,1683.52246822928,2118.73444746876,1448.43731207953,
T-30,COMPOZTE,17,17.5,4656,L22-3620,27.2222222222222,52.7194266959501,38.368027206497,34.1541330649315,24.8566190639224,5.64273580776229,4.10665772676033,3.07431904490247,2.23742108267902,2940.0135918119,2139.67655848533,2788.7570948027,1879.8732189953,
T-30,LG,23.9,24.35,4657,L22-3610,25.0833333333334,43.910747907958,32.8964686410452,40.583818594457,30.404044097014,1.31821256812328,0.987560915619024,3.24790678331201,2.43322349849791,2903.18369467564,2174.96845126117,2743.38668093669,1917.29552180174,
T-30,LG,25.1,25.6,4658,L22-3605,27.4527777777778,30.812201292399,22.3533961431552,43.5234195682797,31.57503191291,6.39611278207326,4.64020215359465,4.29298868559199,3.11444404171127,4658.51055551073,3379.62000495205,4447.29551217961,3075.39908032208,
T-30,CS,25.6,26,4659,L22-3606,18.25,76.3711105809813,62.4333828999522,18.1314638003523,14.822471656788,3.35422899610532,2.7420822043161,1.4654564529782,1.19801065030968,1258.90219969192,1029.15254824815,1186.8017422054,869.835424252913,
T-30,LG,26,27.55,4660,L22-3604,26.0611111111111,50.2129604509605,37.1269050356574,36.5263736099492,27.0071947986007,5.29648659808241,3.91616334077104,3.19895168106646,2.36526932907297,2983.45471846241,2205.93326933423,2826.06629575394,1946.22590723273,
T-30,LG,16..4,17,4655,L22-3632,29.1388888888889,29.1048493376643,20.6240196278838,32.9077124872593,23.3187707097218,7.54729467087622,5.34809686261257,3.51125802199835,2.48811644836606,4673.02712097584,3311.35894044705,4500.27322629352,3028.67972229855,
T-31,LG,2.2,3.6,4648,L22-3615,26.0527777777778,53.5381761642747,39.589994101921,36.353102509089,26.8821094970683,5.16015635283243,3.81579228524311,3.04463572197261,2.25142354318424,2640.44938588312,1952.53897504429,2490.65330836206,1698.47865894185,
T-31,LG,3.6,4.6,4649,L22-3607,29.9555555555555,22.4717915611907,15.7402415557496,42.9045188767048,30.0522318887497,6.45093942579045,4.51852468224256,4.35236600528592,3.04859058859139,5151.25983889143,3608.17133604129,4937.12343143136,3293.42512352704,
T-31,LG,4.6,6.1,4650,L22-3619,25.1111111111111,54.409988945304,40.7470361657054,29.867705133203,22.3675925108653,2.59634423656604,1.94437335049501,2.60220442276778,1.94876197882832,2621.19674605385,1962.98511871144,2493.16828845368,1728.99491824197,
T-31,LG,9.6,10.8,4651,L22-3629,27.7777777777777,26.8842288231719,19.4163874834019,40.5097075650177,29.2570110191795,6.33078466195183,4.57223336696522,4.07226978867351,2.9410837362642,4806.43311542172,3471.31280558236,4606.07744181899,3173.83370798038,
T-33,LG,21.35,21.85,4636,L22-3635,29.3055555555556,37.3249805884127,26.3866876659751,33.5497507500231,23.7178099052247,5.83250325157551,4.12325577090547,3.37033520434103,2.38263974862442,4064.85419553756,2873.62609101197,3899.03370348398,2595.21965982409,
T-33,LG,23.45,24,4637,L22-3624,23.6138888888889,41.5078421139083,31.7062263969546,31.6447499940654,24.1721938913001,4.94973189318756,3.78090770363235,3.14351453555756,2.40120850592492,3756.98593230469,2869.81544867907,3602.32501715526,2621.79960129868,
T-34,LG,7.05,7.55,4646,L22-3600,23.7444444444444,64.1135925885356,48.8901762150133,29.6969211989949,22.6455522431891,4.68104703345389,3.56955842117712,2.57195330058158,1.96125727798793,2194.38788556049,1673.34267317796,2067.84778317188,1446.25437065651,
T-34,LG,18,18.85,4647,L22-3601,28.5944444444445,34.8622927563944,24.8936138221076,35.8706118591555,25.613609679207,6.34415396289535,4.53007838250522,3.59148139371692,2.56451724185798,4251.40371907495,3035.73844451502,4074.70283450408,2752.29475177116,
T-35,LG,10.1,10.65,4631,L22-3612,25.1861111111111,45.286892510922,33.8808854443518,37.0120168067387,27.6901291293303,0.648921662484664,0.485483531547207,2.65620820342472,1.98721265396773,2351.82230790528,1759.48972830036,2221.13686429678,1523.19525461404,
T-35,LG,10.9,12,4632,L22-3621,23.725,58.2713886806782,44.4465017161873,32.3896206388853,24.7051831423098,3.71681696797355,2.83500214232183,2.73941205510398,2.08948654503056,2404.96688435325,1834.38849104045,2270.18781124214,1601.09825302494,
T-35,LG,13.7,14.3,4633,L22-3617,24.3583333333334,57.3634079942972,43.3906378636863,36.3765154293598,27.5158025460249,4.3795582563057,3.31277085770724,2.96420823701052,2.24217651394537,2363.84340556303,1788.05054935797,2218.00436030211,1543.76463153852,
T-35,LG,17.45,17.8,4634,L22-3611,28.2694444444444,27.9795274478783,20.0698704801823,41.6876182949051,29.9027602008148,5.86037940722623,4.20368270646675,4.17705065049674,2.99622163743826,4793.5659802219,3438.45150853528,4588.05508821746,3135.55545952887,
T-35,LG,18.25,18.6,4635,L22-3668,28.8166666666667,32.4528738932335,23.1010373996667,35.9259805627841,25.5733104972751,6.90440847618208,4.91478810029561,3.69497195979867,2.63020420671669,4495.00220671408,3199.69240414597,4313.20958629199,2911.79469050885,
T-36,LG,9.3,9.75,4638,L22-3614,26.2277777777778,56.2816083118022,41.5201931540234,24.8969318228277,18.3670198708516,5.50806836742549,4.06342443616906,2.35402495314007,1.73661651959706,2688.41161493955,1983.30099082124,2572.59358724506,1753.60668027929,
T-36,LG,17.55,18.3,4639,L22-3609,28.6388888888889,38.4982532629924,27.472781286841,36.9078852518802,26.3378770033556,6.539531168923,4.66668210360088,3.6444659013882,2.60073136129619,4072.99378966115,2906.53362378875,3893.68606731285,2621.06375192409,
T-36,LG,25.1,26,4640,L22-3633,25.5138888888889,53.9214222801535,40.1639705122865,27.9470482228236,20.8166693915282,5.62538257429738,4.19012871471623,2.67847687477666,1.99509326103156,2946.37832060159,2194.64262963699,2814.59725836258,1956.15765230535,
T-37,LG,4.6,4.3,4641,L22-3636,26.4111111111111,40.7117894142368,29.9593534767212,38.3187372924245,28.1983330097475,6.20778591177875,4.56824067707896,3.60266665767592,2.65116236375418,3778.2077711776,2780.34111872325,3600.95657161994,2504.64281931543,
T-37,LG,7.8,8.4,4642,L22-3622,27.6722222222222,46.1349318713246,33.3683710018208,36.7743081219357,26.598039857749,6.88002124135495,4.97616647451112,3.41774189474664,2.47197676265036,3443.28172507301,2490.44915437364,3275.12882385147,2216.63067542902,
T-37,LG,10.65,11.15,4643,L22-3628,27.6944444444444,49.9789535110143,36.1375599969917,28.1417681087523,20.3480617741895,7.28665164933197,5.26865395644753,2.78782793576592,2.01575447688853,3247.58619888967,2348.18524325272,3110.42506444998,2096.69067854536,
T-37,LG,16.8,17.45,4644,L22-3603,28.9555555555556,34.2671244993323,24.3448882276367,36.5784769814352,25.9869757576996,6.9509040982352,4.93823120045731,3.67888465224049,2.61364316293619,4330.75121421879,3076.75814041277,4149.75008932856,2788.91134124075,
T-37,LG,24.25,25.5,4645,L22-3669,22.5916666666667,61.361556534695,47.4989582208985,26.6848393168311,20.656289367837,5.26636618065974,4.07660628767903,2.40124576523007,1.85876432610184,2366.02576613525,1831.50111180252,2247.88447448593,1615.79574029165,
T-38,LG,133.55,134.2,4661,L22-3634,27.9083333333334,39.8872263329978,28.7553662505636,34.6632592041168,24.9893212812345,5.01851278837217,3.6179295110173,3.39582441102808,2.44810641498366,3883.21494719258,2799.47437568025,3716.14038616999,2525.53170672972,
T-38,LG,134.5,135.8,4662,L22-3618,25.5944444444444,50.0453488047946,37.236519807923,33.4372783406642,24.8791927120286,4.63771318801572,3.45071626261636,3.09009932394347,2.2992055691986,3145.81382636964,2340.66025425381,2993.78093963162,2086.76989580479,
T-38,COMPOZTE,136.3,137.15,4663,L22-3630,20.4333333333334,53.3512068218035,42.4497768945483,32.6142485054381,25.9500703941602,5.29509746650403,4.21313255084837,2.98691961178705,2.37659237111189,2943.46853745969,2342.01979963876,2796.51209255977,2112.70812164672,
T-38,LG,138.8,139.55,4664,L22-3625,22.0888888888889,55.722732388676,43.4141999454885,35.6773750161436,27.7966392903555,4.00018220609021,3.11658640323384,2.97660086585263,2.31910280792874,2520.311660088,1963.60281783745,2373.86289748805,1728.01407079846,
T-38,LG,140.1,140.85,4665,L22-3602,21.8111111111111,59.3813356721997,46.4296065694744,34.1430537155423,26.696074332919,5.09116396837812,3.98072453838631,2.8808913499481,2.25253693662053,2386.30142526214,1865.82256995219,2244.5615708447,1635.03664155935,
T-38,LG,143.5,144.35,4666,L22-3631,25.7,59.1752206948492,43.967188976273,28.3735210023483,21.0815261047448,3.80417335051888,2.82650079943553,2.48865291466853,1.84906911559872,2411.63809881699,1791.84710742102,2289.1963754153,1559.52290693357,
T-38,LG,145.9,146.6,4667,L22-3627,23.2472222222222,56.2623421612082,43.1829104515651,29.9317042191776,22.9734144244471,4.16786615157606,3.19895304539439,2.58380702435629,1.98314366361079,2511.66143727244,1927.76992147986,2384.53813167411,1702.33953100798,
T-38,LG,148.5,149,4668,L22-3623,25.6194444444444,57.1405264227267,42.5014410005931,26.5007002971663,19.7113681071451,5.16704335224044,3.84327555119285,2.25398834580512,1.67652905376732,2345.66114274844,1744.71578942708,2234.76491613483,1521.32361553729,
T-38,LG,152.8,153.4,4669,L22-3613,28.9222222222222,27.2275497660574,19.3527373170521,40.8724801240016,29.0512505948043,8.21498732657884,5.83903043645832,4.12234911823885,2.93007414548599,4828.00249735257,3431.63688617382,4625.18292073522,3128.40501599369,
T-39,LG,131.5,131.8,4675,L22-4065,24.4555555555556,33.4247821114646,25.250565952872,39.36165595114,29.7355443124223,6.22511675726568,4.70272987029437,3.84754566489133,2.90660699728846,4327.63209355636,3269.28562267663,4138.3328468437,2991.77500285448,
T-39,MR,131.8,132.1,4676,L22-4066,12.5,88.4154789520904,77.3635440830791,12.2376581381433,10.7079508708754,4.16789951342566,3.64691207424746,0.695392225911316,0.608468197672402,244.513067196334,213.948933796793,210.299769681498,115.262298471311,
T-39,LG,132.1,133.2,4677,L22-4067,23.75,31.145270330149,23.7482686267386,40.6043587610721,30.9608235553175,6.78421747117965,5.17296582177448,3.99420816654016,3.04558372698687,4508.05395435564,3437.39114019618,4311.53891256186,3156.92342082842,
T-39,LG,133.8,134.3,4678,L22-4068,19.5,68.5186694638757,55.1575289184199,20.2215512494705,16.2783487558237,2.54772687624232,2.05092013537507,1.73198753383848,1.39424996473998,1756.88797788011,1414.29482219349,1671.67419121526,1238.44772392828,
T-39,CL,134.3,134.5,4679,L22-4069,14.25,82.9741057761501,71.1502957030487,14.3722081960958,12.3241685281522,2.38209176680209,2.04264369003279,0.986272300203251,0.845728497424288,673.770829325453,577.758486146576,625.246232155453,457.773644073301,
T-39,LG,134.5,135.4,4680,L22-4070,17.35,50.2434585800116,41.5262185163796,40.4251463957493,33.4113834960868,3.87567332436702,3.20324400258934,3.37868830599187,2.79248588490228,2847.31738242136,2353.30781657125,2681.08591776656,2120.49251103406,
T-39,MR-ZC,130.9,131.5,4681,L22-4071,13.25,85.2436853665892,73.9488970555161,13.7612280426715,11.9378653270175,2.10022293202009,1.82194339352743,0.891653930499983,0.773509784708735,505.083704000725,438.160113220629,461.214330620125,327.228431812959,
T-41,LG,31,31.9,4690,L22-4233,24.5222222222222,53.0118038016444,40.0121314693967,24.9730313470642,18.8490891045119,3.90844264864617,2.95000565691705,2.33055473669572,1.75905092515267,2781.62266698855,2099.50697520591,2666.95937394312,1878.08944746618,
T-41,LG,32.75,33.2,4691,L22-4224,27.2888888888889,25.7758535631412,18.7419095241329,39.2521809201162,28.54069688236,5.02236107710551,3.65181454317538,3.90026357125352,2.83592497892034,4730.59497279453,3439.66816688527,4538.70200508885,3150.0517690335,
T-41,LG,34,35.1,4692,L22-4226,29.4694444444445,33.2115070021184,23.4242603969663,33.8958306792428,23.9069176882404,5.33157363460868,3.76038850434303,3.28629783832996,2.31784412258433,4077.84022689287,2876.12336669547,3916.15437324703,2600.00349141987,
T-42,LG,28.1,28.6,4689,L22-4230,32.45,18.5428343150178,12.5256845797945,41.6645345859955,28.1443931128399,5.2496658527886,3.5461492835587,2.47925221315154,1.67473486998387,2727.56804814244,1842.47221652022,2605.58883925538,1581.60026091701,
T-43,LG,29,29.4,4682,L22-4223,30.3027777777778,24.1451837590324,16.8285223804967,38.3655858907802,26.7397476551546,7.59452910437211,5.29317582660557,3.84534375881364,2.6800977847887,4808.20675850886,3351.18654938183,4619.01584557523,3052.66046059245,
T-44,LG,18.35,19,4683,L22-4213,29.61,21.5265326239654,15.1525263140092,41.3340567841878,29.0950425703898,7.19346728292361,5.06348162044993,4.04985942681091,2.8506960505322,4911.49568504586,3457.20181270378,4712.24260124676,3154.0925670176,
T-44,LG,23.7,24,4684,L22-4240,21.3805555555556,58.2687570027237,45.8105730402247,24.7478658401981,19.4566346354202,4.12762771648166,3.24511797943279,2.14042619510984,1.68279118333872,2312.34096730901,1817.94962215964,2207.03199850961,1617.56324038382,
T-44,LG,27.3,27.95,4685,L22-4211,28.3277777777778,35.6924593922605,25.5815788121974,34.3067246086888,24.5883918987052,4.76097755742178,3.41229841490547,3.43416540337337,2.46134265938443,4147.89857312843,2972.89108288499,3978.93763528246,2695.9902462655,
T-44,LG,29.4,30.35,4686,L22-4231,29.4861111111111,28.1362200933134,19.8399429741322,38.171945217466,26.9165230373715,5.33106630321877,3.75914216964468,3.7695543833433,2.65805938947693,4553.46810822649,3210.82744242582,4368.006032566,2917.87730935244,
T-44,LG,31.5,32.5,4687,L22-4222,28.5653846153847,35.7803367187974,25.5595459183932,34.6911036577699,24.7814564706061,5.96711490383822,4.26258558111489,3.34407729168567,2.38882875147992,3974.91747390219,2839.46700933789,3810.38887115125,2564.82701938047,
T-44,LG,32.5,33.15,4688,L22-4228,25.3611111111111,55.9533160728331,41.7629334132507,24.7269651017851,18.4559320079157,3.59017551333363,2.67966711231318,2.21700705929543,1.65474943564634,2520.83748649396,1881.52509061369,2411.76073917662,1660.62530726878,
T-45,LG,18.4,19,4694,L22-4234,28.2972222222223,47.6892146006545,34.1944915690749,35.3848998042848,25.3719560735556,7.52448195730851,5.3952625767779,3.26357707139622,2.34007541510974,3296.78479981476,2363.88627882273,3136.21680790207,2093.11984617711,
T-45,LG,20.3,20.9,4695,L22-4236,23.7361111111111,57.4726337680751,43.8308655584029,29.0902488715616,22.185355076909,8.06952258156424,6.15413173546795,2.64925233212857,2.02042285496083,2641.72948853557,2014.68564188178,2511.38627379484,1784.73222630659,
T-45,LG,26.55,27.55,4696,L22-4229,24.13,42.1036922812803,31.9440713338074,36.583116793545,27.7556107112626,7.26935221456319,5.51525752518909,3.57392623602531,2.7115378352724,3855.04924634808,2924.82586320429,3679.21207553563,2658.70320170889,
T-46,ZC,5.85,6.35,5191,L22-4627,24.6361111111111,58.5085060794345,44.0942855122539,30.1974729438152,22.7579899566292,6.76633182207456,5.09937079624181,2.40304374835089,1.81102722045856,2130.40149129579,1605.55341278739,2012.17173887693,1380.95226242972,
T-46,LG,15.4,16.1,5192,L22-4628,24.5666666666667,50.0482447284237,37.7530592734743,28.188665036696,21.2636496593477,6.64080178428641,5.00937814594672,2.75053707594923,2.07482180095771,3185.99516028794,2403.30234924387,3050.66873615124,2166.10444997008,
T-46,LG,16.1,16.3,5193,L22-4630,23.2214285714286,51.460338353376,39.5105126400313,40.0815662952508,30.7740540076893,5.90828420457742,4.53629620821448,3.29188323450847,2.52746092055225,2706.27448281858,2077.83888684407,2544.31382768077,1825.76995241004,
T-46,LG,22.8,23.35,5194,L22-4626,33.105,29.6667254728272,19.8455560050477,39.937394751825,26.7161202192333,5.83001593617528,3.89998916050445,4.03134796354642,2.69677022021438,4690.39586889691,3137.64031649859,4492.05354909042,2822.88172166404,
T-46,MR,23.35,23.65,5195,L22-4631,17.55,62.1551973228433,51.2469601926843,31.1541604760892,25.6866053125356,0.0601328966314375,0.0495795732726202,1.47608500106304,1.21703208337648,541.196783014669,446.216747595594,468.573400962367,289.813769093471,
T-46,LG,23.65,23.95,5196,L22-4632,25.9583333333333,37.7660325876194,27.9625999617499,40.2296799918911,29.7867255606627,7.71279189701985,5.71067966708512,3.92847597444653,2.90870908607979,4177.72804900106,3093.2594762812,3984.44703105829,2807.38015591274,
T-46,MR,23.95,24.4,5197,L22-4633,12.4583333333333,86.2436222401599,75.49910430274,11.9139830372757,10.4296993172151,3.44504448247257,3.01584935736453,1.0290536443486,0.900850711156833,849.902866287895,744.019134196195,799.273426985944,631.176445873945,
T-46,LG,24.4,25.4,5198,L22-4634,21.0305555555556,55.5378289550423,43.8579149823027,30.4905035507129,24.0781812623116,4.81236622141018,3.80029886967973,2.85817391235274,2.257084059841,2882.08907444194,2275.96973048083,2741.46691795418,2049.2531391811,
T-46,MR,25.4,25.7,5199,L22-4635,15.9944444444444,58.4639017663309,49.1129254782605,9.96742596158862,8.3731915536212,0.0300681567548358,0.0252589221272151,0,0,50.6767225374829,42.5712623049599,72.8684016040365,0,
T-46,LG,25.7,25.9,5200,L22-4636,25.8111111111111,43.3419075106419,32.1548796053951,34.6345473163713,25.6949858257124,1.13887552132121,0.844919095095749,3.02036602758913,2.24077599624585,3200.1056008492,2374.12278854112,3051.50359229181,2121.91549841472,
T-46,MR,25.9,26.3,5201,L22-4637,17.74375,57.178657664223,47.0330195949275,41.9720236918411,34.52461273802,0.115871375479136,0.0953114482925569,2.24524829300757,1.84685704901704,763.749404547537,628.231619578134,653.283188531565,439.775627766496,
T-46,LG,26.3,26.4,5202,L22-4638,26.6833333333333,23.8534583388955,17.4885605388002,41.1349650691818,30.1587852232218,9.38021106690562,6.87725808055297,4.24542940250732,3.11260732360495,5118.76906787287,3752.91085492879,4909.89394126951,3453.0122412741,
T-48,LG,21.7,22.1,5725,,26.55,22.2174054405549,16.3186842960876,41.5844803294679,30.5438008019942,5.27798851197572,3.87668256204617,,,4833,,,3229,
T-48,LG,24.2,25.2,5726,,27.04,38.2810833866496,27.9298784388996,41.7786308381318,30.481689059501,2.45254851780763,1.78937939859245,,,3518,,,2278,
T-48,LG,26.1,26.7,5727,,25.46,42.5008029118938,31.6800984905256,34.2682796274489,25.5435756343004,2.38732469756985,1.77951182956857,,,3423,,,2276,
T-48,LG,30,30.85,5728,,27.29,34.1584693546644,24.8366230677765,37.4121716571182,27.2023900118906,5.49129823802832,3.99272294887039,,,4181,,,2739,
T-48,LG,31.2,32.15,5729,,26.41,44.3302280758111,32.6226148409894,29.3286219081272,21.5829328621908,4.51868508405611,3.32530035335689,,,3275,,,2135,
T-49,XC,24.7,25.35,5762,,37.86,68.1549855103574,42.3515079961361,28.7324246001932,17.8543286465601,2.14661371686165,1.33390576365783,,,1337,,,546,
T-49,ZC,28.1,28.4,5763,,37.44,62.8809752967597,39.3383381456529,27.708266495562,17.3342915196236,1.89284568495348,1.1841642605069,,,1537,,,670,
T-49,LG,34.85,35.6,5764,,26.4,53.2299192520187,39.1772205694858,38.3765405864853,28.2451338716532,3.81427964300892,2.80730981725457,,,2831,,,1827,
T-49,LG,36.5,37.55,5765,,29.91,64.4003378378378,45.1381967905405,26.7314189189189,18.7360515202703,2.56545608108108,1.79812816722973,,,1806,,,1016,
T-49,LG,39.15,39.5,5766,,16.77,72.5186822439743,60.3572992316598,19.9031680875697,16.5654067992843,3.41016735080518,2.83828228607515,,,1325,,,933,
T-49,LG,42.1,42.4,5767,,,,,,,,,,,,,,,
T-50,LG,21.2,21.8,5730,,29.9,21.8694143623173,15.3304594679844,43.2236357901377,30.2997686888865,5.84586268531175,4.09794974240353,,,4982,,,3165,
T-50,LG,24.3,25.3,5731,,25.36,63.2898062342039,47.2395113732098,25.7582139848357,19.2259309182814,2.43260320134794,1.8156950294861,,,1975,,,1243,
T-50,LG,26.5,27.2,5732,,29.72,28.2620465619924,19.8625663237683,42.9344883595019,30.1743584190579,3.74661613427179,2.63312181916622,,,4427,,,2790,
T-50,LG,33.85,35.1,5733,,28.56,36.9091301532484,26.3678825814807,36.4342758471833,26.0286466652277,5.41765594647097,3.87037340815886,,,4034,,,2581,
T-50,LG,38.75,40.25,5734,,26.22,43.3662516101331,31.9956204379562,34.8432803778446,25.7073722627737,3.56376127093173,2.62934306569343,,,3479,,,2289,
T-51,LG,27,27.95,5768,,30.48,44.3853113358169,30.8566684406599,36.3491218733369,25.2699095263438,4.28951569984034,2.982071314529,,,3384,,,2212,
T-51,LG,31.9,32.5,5769,,27.22,62.2090562843843,45.2757511637749,22.7676682183665,16.5703089293271,5.34278459585273,3.88847862886162,,,2155,,,1326,
T-51,XC,32.5,33.65,5770,,20.37,83.0007164056903,66.0934704738512,14.9524101934295,11.9066042370279,2.10827960290656,1.67882304779449,,,652,,,359,
T-51,LG,34,34.9,5771,,34.28,27.0565132009601,17.781540475671,43.2686013528257,28.436124809077,4.03665721143356,2.65289111935414,,,4759,,,2785,
T-51,LG,40.5,40.95,5772,,28.98,49.0836317674321,34.8591952812303,42.174004634506,29.9519780914262,1.46408257847061,1.03979144722983,,,2636,,,1597,
T-51,LG,40.95,41.55,5773,,30.96,38.9050544239681,26.8600495743076,41.4807630132557,28.6383187843518,3.33010022631749,2.2991011962496,,,3565,,,2156,
T-51,LG,42.1,43.65,5774,,27.52,41.9168096054889,30.3813036020583,40.7161234991424,29.5110463121784,5.73542024013722,4.15703259005146,,,3825,,,2487,
T-51,LG,45.1,46.85,5720,,39.06,45.1572061616375,27.5188014349019,34.0578181050855,20.7548343532391,5.7079552648238,3.47842793838362,,,3414,,,1756,
T-52,LG,28,29.15,5721,,30.95,27.917670243048,19.2771513028246,45.6973943507773,31.5540507992117,2.85745566017079,1.97307313334793,,,4448,,,2743,
T-52,LG,35,36.1,5722,,27.75,27.0241055021079,19.5249162252729,40.871257161388,29.5294832991028,7.13436385255648,5.15457788347206,,,4716,,,3091,
T-52,LG,36.5,37.1,5723,,18.04,53.1783583624769,43.584982513886,34.0670643900432,27.9213659740794,0.699444558732771,0.573264760337379,,,1621,,,1116,
T-52,LG,37.1,38.2,5724,,14.23,47.0246422038093,40.3330356182073,29.9472721403207,25.685775314753,4.29355428817389,3.68258151296675,,,3310,,,2674,
T-55,LG,41.7,42.15,5347,,,,,,,,,,,,,,,
T-55,LG,63,63.45,5348,,,,,,,,,,,,,,,
T-55,LG,71.85,72.4,5349,,,,,,,,,,,,,,,
T-55,LG,72.4,73.4,5350,,,,,,,,,,,,,,,
T-55,ZC,73.4,74.2,5356,,,,,,,,,,,,,,,
T-55,MR,74.2,74.45,5351,,,,,,,,,,,,,,,
T-55,LG,74.45,74.85,5352,,,,,,,,,,,,,,,
T-55,XC,74.85,75.15,5353,,,,,,,,,,,,,,,
T-56,LG,43.6,44.4,5343,,,,,,,,,,,,,,,
T-56,LG,70.2,71.5,5344,,,,,,,,,,,,,,,
T-56,LG,71.5,72.7,5345,,,,,,,,,,,,,,,
T-56,XC,75.2,75.7,5346,,,,,,,,,,,,,,,
T-57,LG,47.4,48.1,5736,,23.05,25.6069171932158,19.7045227801796,38.5877397184348,29.6932657133356,5.49828178694158,4.23092783505155,,,4751,,,3348,
T-57,LG,67.9,68.4,5737,,28.83,26.7255659856433,19.0205853119823,43.014908890116,30.6137106570955,3.302043070127,2.35006405300939,,,4903,,,3164,
T-58,LG,41.5,42.2,5738,,28.85,15.9538357094365,11.3511541072641,41.6157501697217,29.609606245757,4.3448744059742,3.09137813985065,,,5414,,,3501,
T-60,LG,31,31.3,5739,,22.66,35.3257942918686,27.3209693053312,34.1949380721594,26.4463651050081,7.52827140549273,5.82236510500808,,,4138,,,2921,
T-62,XC,19.2,19.6,5663,,22.73,62.8956927867151,48.5995018162948,24.4421380384017,18.886440062273,1.24545926310327,0.962366372599896,,,1532,,,1454,
T-62,XC,19.6,19.9,5740,,27.28,57.7444235980821,41.9917448405253,25.2657911194497,18.3732833020638,0.740045861997082,0.538161350844278,,,1495,,,764,
T-62,LG,22.2,22.4,5741,,34.17,22.7825702278257,14.9977659809777,41.7164344171643,27.4619287768193,5.05419155054192,3.32717429772174,,,5126,,,3023,
T-63,ZC,55,55.5,5742,,19.47,67.969324508877,54.7356970269986,18.5838848618552,14.965602479252,2.79441117764471,2.25033932135729,,,1789,,,1249,
T-63,LG,57,57.5,5743,,28.18,24.9228054697839,17.8995588883988,39.4574327304808,28.3383281870313,4.30083811204235,3.08886193206881,,,4883,,,3181,
T-65,LG,45,45.3,5670,,23.72,33.0265295073092,25.1926367081754,33.6220898754738,25.6469301570114,6.11802923659989,4.6668327016784,,,4098,,,2837,
T-65,CL,45.3,45.8,5671,,21.15,89.6952729622052,70.7247227306988,7.82814687197157,6.17249380854958,1.42134166038549,1.12072789921395,,,493,,,228,
T-65,LG,45.8,46.5,5651,,20.59,41.1889596602972,32.708152866242,34.6072186836518,27.4815923566879,3.37579617834395,2.68071974522293,,,3480,,,2508,
T-65,MR,48.7,48.9,5672,,20.43,82.0975714592736,65.325037610144,10.7027724049001,8.51619600257898,3.03030303030303,2.41121212121212,,,646,,,342,
T-65,LG,48.9,49.3,5652,,28.19,34.8586229225124,25.0319771206562,37.7293330455428,27.0934340600043,3.18368227930067,2.28620224476581,,,4083,,,2629,
T-65,MR,49.3,49.6,5653,,15.54,54.7023988758406,46.201646090535,7.25685034628124,6.12913580246914,0.0100371374084111,0.00847736625514403,,,25,,,10,
T-65,LG,49.6,50,5654,,24.71,41.3240790176188,31.1128990923652,29.9519487453283,22.5508222103577,1.80459156433529,1.35867698878804,,,3136,,,1992,
T-65,LG,50,50.6,5655,,28.49,42.87529112852,30.6601206860047,32.5640482744019,23.2865509210248,1.30213847131061,0.931159220834216,,,2985,,,1867,
T-65,LG,57.6,58.5,5656,,28.76,33.6371527777778,23.9631076388889,34.4618055555556,24.5505902777778,3.23350694444444,2.30355034722222,,,4049,,,2576,
T-65,LG,58.5,59.3,5657,,30.89,28.6894153444903,19.8272549445773,39.7956965876983,27.5028059117583,5.91175831341013,4.08561617039774,,,4585,,,2843,
T-65,ZC,59.3,59.8,5658,,27.76,44.8880439374736,32.4271229404309,27.545416138572,19.8988086185044,1.08787494719054,0.785880861850444,,,2673,,,1697,
T-65,LG,60.4,61.1,5659,,24.72,61.3960417110023,46.2189402000426,29.3466695041498,22.092172802724,3.9795701213024,2.99582038731645,,,2253,,,1401,
T-66,ZC,44.85,45.3,5744,,16.35,53.835800807537,45.0336473755047,19.0392380163578,15.9263226006833,0.507298892224868,0.424355523346102,,,2316,,,1732,
T-66,LG,45.3,46,5745,,25.51,25.4557581147177,18.9619942196532,40.0844819919964,29.8589306358381,4.27967985771454,3.18793352601156,,,4682,,,3171,
T-66,LG,47.3,47.9,5746,,23.15,25.0468939644709,19.2485380116959,42.1825002758469,32.4172514619883,4.06046562948251,3.12046783625731,,,4865,,,3431,
T-66,LG,56.2,57.3,5747,,25.93,38.6410506892435,28.6214262455226,34.6575491153804,25.6708466297623,4.84098556387713,3.58571800716379,,,3928,,,2622,
T-67,LG,49,50,5748,,22.96,55.5795847750865,42.8185121107266,22.469723183391,17.3106747404844,0.540657439446367,0.416522491349481,,,2793,,,1864,
T-67,ZC,52.3,53.1,5749,,19.56,69.1176470588235,55.5982352941176,19.7478991596639,15.8852100840336,2.55252100840336,2.05324789915966,,,1815,,,1269,
T-67,MR,53.1,53.3,5750,,14.69,53.9801498885963,46.0504658699615,7.94004456147458,6.77365201539396,0.0405104314360948,0.0345594490581325,,,529,,,259,
T-67,LG,53.3,54.1,5643,,30.37,23.276734510289,16.2075902395142,42.4266276846958,29.5416608568537,3.75576295963117,2.61513774879118,,,4991,,,3135,
T-67,CL,54.1,54.4,5644,,25.21,88.1884387801548,65.9561333636777,4.98406918525262,3.72758534365043,1.13791533909877,0.851046882111971,,,587,,,241,
T-67,XC,54.4,54.7,5645,,25.11,37.2844827586207,27.922349137931,38.9008620689655,29.1328556034483,0.765086206896552,0.572973060344828,,,3004,,,1964,
T-67,LG,57,58,5646,,29.11,44.122383252818,31.2783574879227,36.1245303274289,25.6086795491143,4.71282877079978,3.34092431561997,,,3639,,,2292,
T-67,MR,58,58.6,5647,,27.33,56.3897591012207,40.9784379388571,23.5173382305283,17.0900496921249,0.367289618666955,0.266909365885276,,,1331,,,709,
T-67,LG,58.6,59,5648,,27.52,57.8118524658102,41.9020306672192,21.0526315789474,15.2589473684211,1.93742229589722,1.40424368006631,,,3150,,,1959,
T-67,XC,59,59.4,5649,,21.79,58.2644628099174,45.5686363636364,16.5289256198347,12.9272727272727,0.320247933884298,0.250465909090909,,,1207,,,723,
T-67,LG,60.2,60.6,5650,,22.12,68.9396376112362,53.6901897716308,20.3388013294736,15.839858475394,2.89482148600836,2.25448697330331,,,1499,,,960,
T-68,LG,39,39.7,5660,,28.44,16.636891469406,11.9053595355069,42.4966502903082,30.4106029477445,4.39928539526574,3.14812862885217,,,5344,,,3479,
T-68,LG,54.4,55,5661,,29.42,15.2791821143692,10.7840467363218,44.3882709807887,31.3292416582406,4.39276485788114,3.10041343669251,,,5488,,,3521,
T-68,LG,56.5,57.9,5662,,26.39,36.6688047893949,26.9919072054736,32.8629463331195,24.1904147958093,5.43083172974129,3.99763523626256,,,4018,,,2668,
T-69,LG,43.4,43.9,5664,,34.36,18.0231240081614,11.8303785989572,40.0362729539787,26.2798095669916,4.88551348900476,3.20685105418273,,,5264,,,3090,
T-69,LG,52.1,52.6,5673,,29.15,62.0682092334686,43.9753262419125,21.1536352670249,14.9873505866871,3.53108893519026,2.5017765105823,,,2185,,,1289,
T-69,LG,56.55,57.6,5665,,27.67,47.7561027608997,34.5419891269587,32.8429804924848,23.7553277902143,4.14667945847991,2.99929325231852,,,3042,,,1927,
T-69,LG,60.5,61.4,5666,,26.45,59.7705987582869,43.96127538672,23.2873829317058,17.1278701462696,3.10428285804483,2.28320004209197,,,2331,,,1472,
T-69,LG,61.4,62.1,5667,,25.43,48.3208758816718,36.0328771449626,20.3074007790294,15.1432287609222,0.494788925150016,0.368964101484367,,,1819,,,1133,
T-69,LG,62.1,63.2,5668,,30.85,46.8411942881869,32.3906858502813,36.9320640415405,25.5385222847252,2.83427087840762,1.95989831241887,,,3031,,,1804,
T-69,LG,68.4,68.95,5669,,29.05,34.6484855258746,24.583100480608,31.4854141052867,22.3389013077009,5.05197272828881,3.58437465072091,,,4183,,,2654,
